{"cameraMode":{"drawMode":0,"name":"Shaded","section":"Shading Mode"},"sceneLighting":true,"audioPlay":false,"sceneViewState":{"m_AlwaysRefresh":false,"showFog":true,"showSkybox":true,"showFlares":true,"showImageEffects":true,"showParticleSystems":true,"showVisualEffectGraphs":true,"m_FxEnabled":true},"in2DMode":false,"pivot":{"x":-6.903735160827637,"y":1.3426010608673096,"z":-5.7169294357299809},"rotation":{"x":-0.09711886197328568,"y":0.4100600779056549,"z":-0.043965570628643039,"w":-0.9058090448379517},"size":15.499966621398926,"orthographic":false}